Franchise Team,Owner,Passcode,Status
937 Racing,Victor Weaver,1895,Locked In
Roundy Motorsports,Bill Harkins,1215,Placeholder (Pending Owner Lock)
Wrist's Up Racing,Dylan Nicastro,2388,Placeholder (Pending Owner Lock)
ZeroFoxtrot,David Leakey,8431,Placeholder (Pending Owner Lock)
Carter Phillips Racing,Carter Phillips,9730,Locked In
GFR Racing,Kevin Foster,8217,Locked In
Striped Maple Racing,Lucas Wilson,9650,Locked In
Title Town Racing,Wes Fuller & Ricky Gonzales,3582,Locked In
POP Motorsports,Jackson Duke & Garret Bobo,0829,Locked In
